id;first_name;last_name;email;phone_number;cpf;pis;ctps;birth_date
1;Maria;Saraiva;Margarida.Batista75@live.com;repurpose withdrawal;system;Granito leading-edge;interfaces override;2021-06-17
2;Arthur;Silva;Lvia9@yahoo.com;International payment;Jardim Berkshire púrpura;Granito;National;2021-06-18
3;Carla;Moraes;Vitria49@bol.com.br;Madeira Música;specifically alarm;frictionless Accounts;Decentralized;2021-06-18
4;Víctor;Santos;Isabela93@live.com;Designer Cazaquistão;infrastructures Filmes payment;Automated Eletrônicos;North bluetooth Bicicleta;2021-06-18
5;Isis;Martins;Alessandro13@bol.com.br;Secured;Bedfordshire;Acre Checking National;24/7;2021-06-18
6;Daniel;Silva;Arthur_Santos@live.com;Bola Personal;Rua Rua Hong;Madagascar invoice De-engineered;Integrated payment;2021-06-17
7;Benjamin;Xavier;MariaCeclia.Silva@gmail.com;partnerships Metal UIC-Franc;Grass-roots backing National;invoice Philippine;Computador Jogos bottom-line;2021-06-17
8;Ricardo;Souza;Isabelly.Carvalho46@yahoo.com;Jogos;Peru Administrator Esportes;Assimilated;Market Expanded;2021-06-17
9;Sílvia;Albuquerque;Miguel75@bol.com.br;Suazilândia Alagoas Computador;Concreto;Fantástico synthesize;JBOD invoice Ceará;2021-06-18
10;Frederico;Macedo;Pedro75@gmail.com;Strategist HTTP needs-based;Self-enabling Borders Rústico;Atum convergence;Bedfordshire;2021-06-18
