id;street_address;number_address;postal_code;city;state_province
1;Secured Program;80998;calculate marrom;undefined Clara;schemas Macio
2;ametista installation;89858;Uruguayo Liaison Forward;Lubbock;cross-platform
3;harness Secured tangible;60382;Reverse-engineered;Charlottesville;Granito
4;hour Savings leading-edge;87783;Amazonas índigo Fuerte;undefined Beatriz do Sul;Forward parsing Malásia
5;Plástico Fresco;78996;help-desk;Roberto do Norte;Exclusive cutting-edge
6;compelling Beleza;40893;Genérico;Carson;Tactics infomediaries Groelândia
7;synthesize;55826;salmão Leu;Pereira do Descoberto;Filmes Marginal vertical
8;embrace auxiliary;76955;TCP Sergipe;Caio do Descoberto;Plástico
9;synthesize CSS withdrawal;70778;wireless payment Caledonia;undefined Samuel;Market Amazonas utilisation
10;generation Division;36463;extensible protocol;York;turn-key Plástico
